<?xml version="1.0" encoding="UTF-8"?>
<Tokens version="1.0">
	<File path="Protocols/SPVideoNetworkAdapterDelegate.html">
		
		<Token>
			<TokenIdentifier>//apple_ref/occ/intf/SPVideoNetworkAdapterDelegate</TokenIdentifier>
			<Abstract type="html">Defines the interface of a delegate object through which a class implementing
the SPVideoNetworkAdapter protocol will communicate back with the SponsorPay SDK.</Abstract>
			<DeclaredIn>SPVideoNetworkAdapter.h</DeclaredIn>
			
			<NodeRef refid="13"/>
		</Token>
		
		
		<Token>
			<TokenIdentifier>//apple_ref/occ/intfm/SPVideoNetworkAdapterDelegate/adapter:didReportVideoAvailable:</TokenIdentifier>
			<Abstract type="html">Tells the delegate about the availability of videos from the wrapped video network,
as a response to the [SPVideoNetworkAdapterDelegate checkAvailability] invokation.</Abstract>
			<DeclaredIn>SPVideoNetworkAdapter.h</DeclaredIn>			
			
			<Declaration>- (void)adapter:(id&lt;SPVideoNetworkAdapter&gt;)adapter didReportVideoAvailable:(BOOL)available</Declaration>
			
			
			<Anchor>//api/name/adapter:didReportVideoAvailable:</Anchor>
		</Token>
		
		<Token>
			<TokenIdentifier>//apple_ref/occ/intfm/SPVideoNetworkAdapterDelegate/adapterVideoDidStart:</TokenIdentifier>
			<Abstract type="html">Tells the delegate that the wrapped video network SDK started playing a video.</Abstract>
			<DeclaredIn>SPVideoNetworkAdapter.h</DeclaredIn>			
			
			<Declaration>- (void)adapterVideoDidStart:(id&lt;SPVideoNetworkAdapter&gt;)adapter</Declaration>
			
			
			<Anchor>//api/name/adapterVideoDidStart:</Anchor>
		</Token>
		
		<Token>
			<TokenIdentifier>//apple_ref/occ/intfm/SPVideoNetworkAdapterDelegate/adapterVideoDidAbort:</TokenIdentifier>
			<Abstract type="html">Tells the delegate that the wrapped video network SDK aborted the playing of
a video due to user action.</Abstract>
			<DeclaredIn>SPVideoNetworkAdapter.h</DeclaredIn>			
			
			<Declaration>- (void)adapterVideoDidAbort:(id&lt;SPVideoNetworkAdapter&gt;)adapter</Declaration>
			
			
			<Anchor>//api/name/adapterVideoDidAbort:</Anchor>
		</Token>
		
		<Token>
			<TokenIdentifier>//apple_ref/occ/intfm/SPVideoNetworkAdapterDelegate/adapterVideoDidFinish:</TokenIdentifier>
			<Abstract type="html">Tells the delegate that the wrapped video network SDK played a video until
its completion.</Abstract>
			<DeclaredIn>SPVideoNetworkAdapter.h</DeclaredIn>			
			
			<Declaration>- (void)adapterVideoDidFinish:(id&lt;SPVideoNetworkAdapter&gt;)adapter</Declaration>
			
			
			<Anchor>//api/name/adapterVideoDidFinish:</Anchor>
		</Token>
		
		<Token>
			<TokenIdentifier>//apple_ref/occ/intfm/SPVideoNetworkAdapterDelegate/adapterVideoDidClose:</TokenIdentifier>
			<Abstract type="html">Tells the delegate that the wrapped video network SDK closed the video player /
post video screen and relinquished control of the user flow.</Abstract>
			<DeclaredIn>SPVideoNetworkAdapter.h</DeclaredIn>			
			
			<Declaration>- (void)adapterVideoDidClose:(id&lt;SPVideoNetworkAdapter&gt;)adapter</Declaration>
			
			
			<Anchor>//api/name/adapterVideoDidClose:</Anchor>
		</Token>
		
		<Token>
			<TokenIdentifier>//apple_ref/occ/intfm/SPVideoNetworkAdapterDelegate/adapter:didFailWithError:</TokenIdentifier>
			<Abstract type="html">Tells the delegate that an error occured while the wrapped SDK was checking for
available videos or attempting to play a video.</Abstract>
			<DeclaredIn>SPVideoNetworkAdapter.h</DeclaredIn>			
			
			<Declaration>- (void)adapter:(id&lt;SPVideoNetworkAdapter&gt;)adapter didFailWithError:(NSError *)error</Declaration>
			
			
			<Anchor>//api/name/adapter:didFailWithError:</Anchor>
		</Token>
		
		<Token>
			<TokenIdentifier>//apple_ref/occ/intfm/SPVideoNetworkAdapterDelegate/adapterDidTimeout:</TokenIdentifier>
			<Abstract type="html">Tells the delegate that the wrapped SDK didn&apos;t respond timely to the command
to start playing a video, and will not play. It is typically not needed to
invoke this delegate method unless the wrapped SDK doesn&apos;t always start playing
immediately when requested.</Abstract>
			<DeclaredIn>SPVideoNetworkAdapter.h</DeclaredIn>			
			
			<Declaration>- (void)adapterDidTimeout:(id&lt;SPVideoNetworkAdapter&gt;)adapter</Declaration>
			
			
			<Anchor>//api/name/adapterDidTimeout:</Anchor>
		</Token>
		
	</File>
</Tokens>