<?xml version="1.0" encoding="UTF-8"?>
<Tokens version="1.0">
	<File path="Protocols/SPVideoNetworkAdapter.html">
		
		<Token>
			<TokenIdentifier>//apple_ref/occ/intf/SPVideoNetworkAdapter</TokenIdentifier>
			<Abstract type="html"></Abstract>
			<DeclaredIn>SPVideoNetworkAdapter.h</DeclaredIn>
			
			<NodeRef refid="12"/>
		</Token>
		
		
		<Token>
			<TokenIdentifier>//apple_ref/occ/intfm/SPVideoNetworkAdapter/setDelegate:</TokenIdentifier>
			<Abstract type="html">Defines the interface required by a video network SDK wrapper.</Abstract>
			<DeclaredIn>SPVideoNetworkAdapter.h</DeclaredIn>			
			
			<Declaration>@property (weak) id&lt;SPVideoNetworkAdapterDelegate&gt; delegate</Declaration>
			
			
			<Anchor>//api/name/delegate</Anchor>
		</Token>
		
		<Token>
			<TokenIdentifier>//apple_ref/occ/intfm/SPVideoNetworkAdapter/delegate</TokenIdentifier>
			<Abstract type="html">Defines the interface required by a video network SDK wrapper.</Abstract>
			<DeclaredIn>SPVideoNetworkAdapter.h</DeclaredIn>			
			
			<Declaration>@property (weak) id&lt;SPVideoNetworkAdapterDelegate&gt; delegate</Declaration>
			
			
			<Anchor>//api/name/delegate</Anchor>
		</Token>
		
		<Token>
			<TokenIdentifier>//apple_ref/occ/intfp/SPVideoNetworkAdapter/delegate</TokenIdentifier>
			<Abstract type="html">Defines the interface required by a video network SDK wrapper.</Abstract>
			<DeclaredIn>SPVideoNetworkAdapter.h</DeclaredIn>			
			
			<Declaration>@property (weak) id&lt;SPVideoNetworkAdapterDelegate&gt; delegate</Declaration>
			
			
			<Anchor>//api/name/delegate</Anchor>
		</Token>
		
		<Token>
			<TokenIdentifier>//apple_ref/occ/intfm/SPVideoNetworkAdapter/providerName</TokenIdentifier>
			<Abstract type="html">Returns the name of the wrapped video network.</Abstract>
			<DeclaredIn>SPVideoNetworkAdapter.h</DeclaredIn>			
			
			<Declaration>- (NSString *)providerName</Declaration>
			
			
			<Anchor>//api/name/providerName</Anchor>
		</Token>
		
		<Token>
			<TokenIdentifier>//apple_ref/occ/intfm/SPVideoNetworkAdapter/startProvider</TokenIdentifier>
			<Abstract type="html">Initializes the wrapped SDK, usually with the necessary credentials.</Abstract>
			<DeclaredIn>SPVideoNetworkAdapter.h</DeclaredIn>			
			
			<Declaration>- (void)startProvider</Declaration>
			
			
			<Anchor>//api/name/startProvider</Anchor>
		</Token>
		
		<Token>
			<TokenIdentifier>//apple_ref/occ/intfm/SPVideoNetworkAdapter/checkAvailability</TokenIdentifier>
			<Abstract type="html">Checks whether there are videos available to start playing. This is expected
to be asynchronous, and the answer should be delivered through the
-adapter:didReportVideoAvailable: delegate method.</Abstract>
			<DeclaredIn>SPVideoNetworkAdapter.h</DeclaredIn>			
			
			<Declaration>- (void)checkAvailability</Declaration>
			
			
			<Anchor>//api/name/checkAvailability</Anchor>
		</Token>
		
		<Token>
			<TokenIdentifier>//apple_ref/occ/intfm/SPVideoNetworkAdapter/playVideoWithParentViewController:</TokenIdentifier>
			<Abstract type="html">Instructs the wrapped video network SDK to start playing a video.</Abstract>
			<DeclaredIn>SPVideoNetworkAdapter.h</DeclaredIn>			
			
			<Declaration>- (void)playVideoWithParentViewController:(UIViewController *)parentVC</Declaration>
			<Parameters>
				<Parameter>
					<Name>parentVC</Name>
					<Abstract type="html">If the wrapped SDK needs a parent UIViewController to which attach its own video player view controller to, it can use the provided one.</Abstract>
				</Parameter>
			</Parameters>
			
			<Anchor>//api/name/playVideoWithParentViewController:</Anchor>
		</Token>
		
	</File>
</Tokens>