<?xml version="1.0" encoding="UTF-8"?>
<Tokens version="1.0">
	<File path="Classes/SPApplifierAdapter.html">
		
		<Token>
			<TokenIdentifier>//apple_ref/occ/cl/SPApplifierAdapter</TokenIdentifier>
			<Abstract type="html"></Abstract>
			<DeclaredIn>SPApplifierAdapter.h</DeclaredIn>
			
			<NodeRef refid="4"/>
		</Token>
		
		
		<Token>
			<TokenIdentifier>//apple_ref/occ/instm/SPApplifierAdapter/providerName</TokenIdentifier>
			<Abstract type="html">Returns the name of the wrapped video network.</Abstract>
			<DeclaredIn>SPApplifierAdapter.m</DeclaredIn>			
			
			<Declaration>- (NSString *)providerName</Declaration>
			
			
			<Anchor>//api/name/providerName</Anchor>
		</Token>
		
		<Token>
			<TokenIdentifier>//apple_ref/occ/instm/SPApplifierAdapter/startProvider</TokenIdentifier>
			<Abstract type="html">Initializes the wrapped SDK, usually with the necessary credentials.</Abstract>
			<DeclaredIn>SPApplifierAdapter.m</DeclaredIn>			
			
			<Declaration>- (void)startProvider</Declaration>
			
			
			<Anchor>//api/name/startProvider</Anchor>
		</Token>
		
		<Token>
			<TokenIdentifier>//apple_ref/occ/instm/SPApplifierAdapter/checkAvailability</TokenIdentifier>
			<Abstract type="html">Checks whether there are videos available to start playing. This is expected
to be asynchronous, and the answer should be delivered through the
-adapter:didReportVideoAvailable: delegate method.</Abstract>
			<DeclaredIn>SPApplifierAdapter.m</DeclaredIn>			
			
			<Declaration>- (void)checkAvailability</Declaration>
			
			
			<Anchor>//api/name/checkAvailability</Anchor>
		</Token>
		
		<Token>
			<TokenIdentifier>//apple_ref/occ/instm/SPApplifierAdapter/playVideoWithParentViewController:</TokenIdentifier>
			<Abstract type="html">Instructs the wrapped video network SDK to start playing a video.</Abstract>
			<DeclaredIn>SPApplifierAdapter.m</DeclaredIn>			
			
			<Declaration>- (void)playVideoWithParentViewController:(UIViewController *)parentVC</Declaration>
			<Parameters>
				<Parameter>
					<Name>parentVC</Name>
					<Abstract type="html">If the wrapped SDK needs a parent UIViewController to which attach its own video player view controller to, it can use the provided one.</Abstract>
				</Parameter>
			</Parameters>
			
			<Anchor>//api/name/playVideoWithParentViewController:</Anchor>
		</Token>
		
	</File>
</Tokens>