<?xml version="1.0" encoding="utf-8"?>
<extension xmlns="http://ns.adobe.com/air/extension/2.5">
       <id>com.sponsorpay.sdk</id>
          <versionNumber>1</versionNumber>
   
          <platforms>
           <platform name="Android-ARM">
	           <applicationDeployment>         
	       			<nativeLibrary>SponsorPaySDKNative.jar</nativeLibrary>
	         		<initializer>com.sponsorpay.sdk.android.extensions.SponsorPaySDKExtension</initializer>
				</applicationDeployment> 
           </platform>
       </platforms>
</extension>