<?xml version="1.0" encoding="UTF-8"?>
<Tokens version="1.0">
	<File path="Classes/SPOfferWallViewController.html">
		
		<Token>
			<TokenIdentifier>//apple_ref/occ/cl/SPOfferWallViewController</TokenIdentifier>
			<Abstract type="html">SPOfferWallViewController is a subclass of SPAdvertisementViewController that requests and shows SponsorPay&apos;s Mobile OfferWall.</Abstract>
			<DeclaredIn>SPOfferWallViewController.h</DeclaredIn>
			
			<NodeRef refid="5"/>
		</Token>
		
		
		<Token>
			<TokenIdentifier>//apple_ref/occ/instm/SPOfferWallViewController/setDelegate:</TokenIdentifier>
			<Abstract type="html">Delegate conforming to the SPOfferWallViewControllerDelegate protocol that will be notified when the OfferWall is closed.</Abstract>
			<DeclaredIn>SPOfferWallViewController.h</DeclaredIn>			
			
			<Declaration>@property (nonatomic, assign) id&lt;SPOfferWallViewControllerDelegate&gt; delegate</Declaration>
			
			
			<Anchor>//api/name/delegate</Anchor>
		</Token>
		
		<Token>
			<TokenIdentifier>//apple_ref/occ/instp/SPOfferWallViewController/delegate</TokenIdentifier>
			<Abstract type="html">Delegate conforming to the SPOfferWallViewControllerDelegate protocol that will be notified when the OfferWall is closed.</Abstract>
			<DeclaredIn>SPOfferWallViewController.h</DeclaredIn>			
			
			<Declaration>@property (nonatomic, assign) id&lt;SPOfferWallViewControllerDelegate&gt; delegate</Declaration>
			
			
			<Anchor>//api/name/delegate</Anchor>
		</Token>
		
		<Token>
			<TokenIdentifier>//apple_ref/occ/instm/SPOfferWallViewController/initWithUserId:appId:</TokenIdentifier>
			<Abstract type="html">This initializer has been deprecated and will be removed from a future SDK release. Please don&apos;t initialize instances of this class directly, rather access them through [SponsorPaySDK offerWallViewController] or [SponsorPaySDK offerWallViewControllerForCredentials:]</Abstract>
			<DeclaredIn>SPOfferWallViewController.h</DeclaredIn>			
			
			<Declaration>- (id)initWithUserId:(NSString *)userId appId:(NSString *)appId</Declaration>
			
			
			<Anchor>//api/name/initWithUserId:appId:</Anchor>
		</Token>
		
		<Token>
			<TokenIdentifier>//apple_ref/occ/instm/SPOfferWallViewController/initWithUserId:appId:customParameters:</TokenIdentifier>
			<Abstract type="html">This initializer has been deprecated and will be removed from a future SDK release. Please don&apos;t initialize this class directly, rather access it through [SponsorPaySDK offerWallViewController] or [SponsorPaySDK offerWallViewControllerForCredentials:], and configure your custom parameters via the customParameters property.</Abstract>
			<DeclaredIn>SPOfferWallViewController.h</DeclaredIn>			
			
			<Declaration>- (id)initWithUserId:(NSString *)userId appId:(NSString *)appId customParameters:(NSDictionary *)customParameters</Declaration>
			
			
			<Anchor>//api/name/initWithUserId:appId:customParameters:</Anchor>
		</Token>
		
		<Token>
			<TokenIdentifier>//apple_ref/occ/instm/SPOfferWallViewController/init</TokenIdentifier>
			<Abstract type="html">Please don&apos;t initialize this class directly, rather access it through [SponsorPaySDK offerWallViewController] or [SponsorPaySDK offerWallViewControllerForCredentials:]</Abstract>
			<DeclaredIn>SPOfferWallViewController.h</DeclaredIn>			
			
			<Declaration>- (id)init</Declaration>
			
			
			<Anchor>//api/name/init</Anchor>
		</Token>
		
		<Token>
			<TokenIdentifier>//apple_ref/occ/instm/SPOfferWallViewController/showOfferWallWithParentViewController:</TokenIdentifier>
			<Abstract type="html">Presents the SponsorPay Mobile OfferWall as a child view controller of your own view controller.</Abstract>
			<DeclaredIn>SPOfferWallViewController.h</DeclaredIn>			
			
			<Declaration>- (void)showOfferWallWithParentViewController:(UIViewController *)parentViewController</Declaration>
			<Parameters>
				<Parameter>
					<Name>parentViewController</Name>
					<Abstract type="html">An instance of your own UIViewController subclass that will be used as the parent view controller of the presented OfferWall.</Abstract>
				</Parameter>
			</Parameters>
			
			<Anchor>//api/name/showOfferWallWithParentViewController:</Anchor>
		</Token>
		
		<Token>
			<TokenIdentifier>//apple_ref/occ/instm/SPOfferWallViewController/dismissAnimated:</TokenIdentifier>
			<Abstract type="html">Dismisses the presented advertisement.</Abstract>
			<DeclaredIn>SPOfferWallViewController.m</DeclaredIn>			
			
			<Declaration>- (void)dismissAnimated:(BOOL)animated</Declaration>
			<Parameters>
				<Parameter>
					<Name>animated</Name>
					<Abstract type="html">Whether the dismissal should be animated.</Abstract>
				</Parameter>
			</Parameters>
			
			<Anchor>//api/name/dismissAnimated:</Anchor>
		</Token>
		
	</File>
</Tokens>