<?xml version="1.0" encoding="UTF-8"?>
<Tokens version="1.0">
	<File path="Classes/SPAdvertiserManager.html">
		
		<Token>
			<TokenIdentifier>//apple_ref/occ/cl/SPAdvertiserManager</TokenIdentifier>
			<Abstract type="html">* Singleton for reporting offers to the SponsorPay server.</Abstract>
			<DeclaredIn>SPAdvertiserManager.h</DeclaredIn>
			
			<NodeRef refid="2"/>
		</Token>
		
		
		<Token>
			<TokenIdentifier>//apple_ref/occ/clm/SPAdvertiserManager/sharedManager</TokenIdentifier>
			<Abstract type="html">* Retrieves the shared singleton instance of this class.</Abstract>
			<DeclaredIn>SPAdvertiserManager.h</DeclaredIn>			
			
			<Declaration>+ (SPAdvertiserManager *)sharedManager</Declaration>
			
			
			<Anchor>//api/name/sharedManager</Anchor>
		</Token>
		
		<Token>
			<TokenIdentifier>//apple_ref/occ/instm/SPAdvertiserManager/reportOfferCompleted:</TokenIdentifier>
			<Abstract type="html">* Sends a message to the SponsorPay server telling it that the app has been run.</Abstract>
			<DeclaredIn>SPAdvertiserManager.h</DeclaredIn>			
			
			<Declaration>- (void)reportOfferCompleted:(NSString *)appId</Declaration>
			
			
			<Anchor>//api/name/reportOfferCompleted:</Anchor>
		</Token>
		
	</File>
</Tokens>