<project name="SP Mobile SDK - Adobe Air " default="generate.ane" basedir=".">
	<description>
        Build SP SDK - Adobe AIR Native Extension
    </description>

	<!-- set global properties for this build -->
	<property file="generate-ane.properties"/>
	<property name="bin" location="bin"/>
	<property name="android" location="${bin}/Android-ARM"/>
	<property name="swcFile" value="SponsorPaySDKLibrary.swc" />

	<target name="android.dir.check">
		<condition property="android.dir.exists">
			<available file="${android}" type="dir"/>
		</condition>
	</target>

	<target name="create.android.dir" depends="android.dir.check" unless="android.dir.exists">
		<echo>Android-ARM directory not found. Creating...</echo>
		<mkdir dir="${android}"/>
		<echo>Android-ARM directory created!</echo>
	</target>

	<target name="unzip" depends="create.android.dir">
		<unzip src="${bin}/${swcFile}" dest="${android}" overwrite="true" >
			<patternset>
				<include name="**/*.swf"/>
			</patternset>
		</unzip>
	</target>

	<target name="generate.ane" depends="unzip">
		<exec executable="${adt.dir}/adt.bat" failonerror="true">
			<arg value="-package"/>
			<arg line="-storetype pkcs12"/>
			<arg line="-keystore sponsorpay.p12"/>
			<arg line="-storepass ${keystore.password}"/>
			<arg line="-target ane SponsorPaySDKLibrary.ane"/>
			<arg line="src/extension.xml"/>
			<arg line="-swc bin\SponsorPaySDKLibrary.swc"/>
			<arg line="-platform Android-ARM "/>
			<arg line="-C bin/Android-ARM library.swf"/>
			<arg value="-C"/>
			<arg value="${native.dir}"/>
			<arg value="SponsorPaySDKNative.jar"/>
		</exec>
	</target>

</project>
